<GuiXml>
	<Controls>
		<TopLevelControl name="XtoLevelUI" movable="true" mouseEnabled="true" resizeHandleSize="8" clampedToScreen="true" hidden="false">           
            <Anchor point="BOTTOMRIGHT" offsetX="-25" offsetY="25" />
			<Dimensions x="200" y="175"/>

			<OnMoveStop>
				XtoLevel.SaveLoc()
			</OnMoveStop>
			<OnResizeStop>
				XtoLevel.SaveSize()
			</OnResizeStop>

			<Controls>
                <Backdrop name="$(parent)BG" inherits="ZO_DefaultBackdrop" alpha="0.8" />
				
				<!-- Battlegrounds -->
				<Label name="$(parent)BattlegroundsLabel" font="ZoFontGame" resizeToFitDescendents="true"  color="CFDCBD"  horizontalAlignment="LEFT" verticalAlignment="TOP" wrapMode="TRUNCATE" text="Battlegrounds: " hidden="false">
                    <AnchorFill />
					<Anchor  point="BOTTOMLEFT" offsetY="-150" />
                </Label>
				<Texture name="$(parent)BattlegroundsTexture" textureFile="esoui/art/journal/leaderboard_indexicon_ava_up.dds" hidden="true">
					<Anchor point="BOTTOMLEFT" offsetX="-5" offsetY="-150" />
					<Dimensions x="25" y="25" />
				</Texture>
				<Label name="$(parent)BattlegroundsNum" font="ZoFontGame" resizeToFitDescendents="true" color="CFDCBD"  horizontalAlignment="LEFT" verticalAlignment="TOP" wrapMode="TRUNCATE" text="?">
                    <AnchorFill />
					<Anchor  point="BOTTOMRIGHT" offsetX="-10" offsetY="-150"  />
                </Label>
				
				<!-- Delves -->
				<Label name="$(parent)DelvesLabel" font="ZoFontGame" resizeToFitDescendents="true" color="CFDCBD"  horizontalAlignment="LEFT" verticalAlignment="TOP" wrapMode="TRUNCATE" text="Delves: " hidden="false">
                    <AnchorFill />
					<Anchor  point="BOTTOMLEFT" offsetY="-125" />
                </Label>			
				<Texture name="$(parent)DelvesTexture" textureFile="esoui/art/icons/mapkey/mapkey_delve.dds" hidden="true">
					<Anchor point="BOTTOMLEFT" offsetY="-125" />
					<Dimensions x="25" y="25" />
				</Texture>
				<Label name="$(parent)DelvesNum" font="ZoFontGame" resizeToFitDescendents="true" color="CFDCBD"  horizontalAlignment="LEFT" verticalAlignment="TOP" wrapMode="TRUNCATE" text="?">
                    <AnchorFill />
					<Anchor  point="BOTTOMRIGHT" offsetX="-10" offsetY="-125"  />
                </Label>
				
				<!-- Dolmens -->
				<Label name="$(parent)DolmensLabel" font="ZoFontGame" resizeToFitDescendents="true" color="CFDCBD"  horizontalAlignment="LEFT" verticalAlignment="TOP" wrapMode="TRUNCATE" text="Dolmens: " hidden="false">
                    <AnchorFill />
					<Anchor  point="BOTTOMLEFT" offsetY="-100" />
                </Label>
				<Texture name="$(parent)DolmensTexture" textureFile="esoui/art/icons/mapkey/mapkey_portal.dds" hidden="true">
					<Anchor point="BOTTOMLEFT" offsetY="-100" />
					<Dimensions x="25" y="25" />
				</Texture>				
				<Label name="$(parent)DolmensNum" font="ZoFontGame" resizeToFitDescendents="true" color="CFDCBD"  horizontalAlignment="LEFT" verticalAlignment="TOP" wrapMode="TRUNCATE" text="?" >
                    <AnchorFill />
					<Anchor  point="BOTTOMRIGHT" offsetX="-10" offsetY="-100"  />
                </Label>
				
                <!-- Dungeons -->
				<Label name="$(parent)DungeonsLabel" font="ZoFontGame" resizeToFitDescendents="true" color="CFDCBD"  horizontalAlignment="LEFT" verticalAlignment="TOP" wrapMode="TRUNCATE" text="Dungeons: " hidden="false">
                    <AnchorFill />
					<Anchor  point="BOTTOMLEFT" offsetY="-75" />
                </Label>
				<Texture name="$(parent)DungeonsTexture" textureFile="esoui/art/icons/mapkey/mapkey_groupinstance.dds" hidden="true">
					<Anchor point="BOTTOMLEFT" offsetY="-75" />
					<Dimensions x="25" y="25" />
				</Texture>
				
				<Label name="$(parent)DungeonsNum" font="ZoFontGame" resizeToFitDescendents="true"  color="CFDCBD"  horizontalAlignment="LEFT" verticalAlignment="TOP" wrapMode="TRUNCATE" text="?">
                    <AnchorFill />
					<Anchor  point="BOTTOMRIGHT" offsetX="-10" offsetY="-75"  />
                </Label>
				
				<!-- Monsters -->
				<Label name="$(parent)MonstersLabel" font="ZoFontGame" resizeToFitDescendents="true" color="CFDCBD"  horizontalAlignment="LEFT" verticalAlignment="TOP" wrapMode="TRUNCATE" text="Monsters: " hidden="false">
                    <AnchorFill />
					<Anchor  point="BOTTOMLEFT" offsetY="-50" />
                </Label>
				<Texture name="$(parent)MonstersTexture" textureFile="esoui/art/tutorial/poi_battlefield_complete.dds" hidden="true">
					<Anchor point="BOTTOMLEFT" offsetY="-50" />
					<Dimensions x="25" y="25" />
				</Texture>
				<Label name="$(parent)MonstersNum" font="ZoFontGame" resizeToFitDescendents="true"  color="CFDCBD"  horizontalAlignment="LEFT" verticalAlignment="TOP" wrapMode="TRUNCATE" text="?">
                    <AnchorFill />
					<Anchor  point="BOTTOMRIGHT" offsetX="-10" offsetY="-50"  />
                </Label>
				
				
				<!-- Quests -->
				<Label name="$(parent)QuestsLabel" font="ZoFontGame" resizeToFitDescendents="true" color="CFDCBD"  horizontalAlignment="LEFT" verticalAlignment="TOP" wrapMode="TRUNCATE" text="Quests: " hidden="false">
                    <AnchorFill />
					<Anchor  point="BOTTOMLEFT" offsetY="-25" />
                </Label>
				<Texture name="$(parent)QuestsTexture" textureFile="esoui/art/compass/quest_icon.dds" hidden="true">
					<Anchor point="BOTTOMLEFT" offsetY="-25" />
					<Dimensions x="25" y="25" />
				</Texture>
				<Label name="$(parent)QuestsNum" font="ZoFontGame" resizeToFitDescendents="true" color="CFDCBD"  horizontalAlignment="LEFT" verticalAlignment="TOP" wrapMode="TRUNCATE" text="?">
                    <AnchorFill />
					<Anchor  point="BOTTOMRIGHT" offsetX="-10" offsetY="-25"  />
                </Label>
				
				<!-- Time -->
				<Label name="$(parent)TimeLabel" font="ZoFontGame" resizeToFitDescendents="true" color="CFDCBD"  horizontalAlignment="LEFT" verticalAlignment="TOP" wrapMode="TRUNCATE" text="Time: " hidden="false">
                    <AnchorFill />
					<Anchor  point="BOTTOMLEFT" offsetY="0" />
                </Label>
				<Texture name="$(parent)TimeTexture" textureFile="esoui/art/tutorial/timer_icon.dds" hidden="true">
					<Anchor point="BOTTOMLEFT" offsetY="0" />
					<Dimensions x="25" y="25" />
				</Texture>
				<Label name="$(parent)TimeNum" font="ZoFontGame" resizeToFitDescendents="true" color="CFDCBD"  horizontalAlignment="LEFT" verticalAlignment="TOP" wrapMode="TRUNCATE" text="?">
                    <AnchorFill />
					<Anchor  point="BOTTOMRIGHT" offsetX="-10" offsetY="0"  />
                </Label>
				
            </Controls>
        </TopLevelControl>
    </Controls>
</GuiXml>